<?xml version="1.0" encoding="utf-8"?>
<SoundBanksInfo Platform="Windows" BasePlatform="Windows" SchemaVersion="11" SoundbankVersion="128">
	<RootPaths>
		<ProjectRoot>C:\Global Game Jam\Exports\BatMission\</ProjectRoot>
		<SourceFilesRoot>C:\Global Game Jam\Exports\BatMission\.cache\Windows\</SourceFilesRoot>
		<SoundBanksRoot>C:\Global Game Jam\Exports\BatMission\GeneratedSoundBanks\Windows\</SoundBanksRoot>
		<ExternalSourcesInputFile></ExternalSourcesInputFile>
		<ExternalSourcesOutputRoot>C:\Global Game Jam\Exports\BatMission\GeneratedSoundBanks\Windows\</ExternalSourcesOutputRoot>
	</RootPaths>
	<DialogueEvents/>
	<StreamedFiles/>
	<MediaFilesNotInAnyBank/>
	<SoundBanks>
		<SoundBank Id="1355168291" Language="SFX">
			<ObjectPath>Init</ObjectPath>
			<ShortName>Init</ShortName>
			<Path>Init.bnk</Path>
		</SoundBank>
		<SoundBank Id="2103209180" Language="SFX">
			<ObjectPath>\SoundBanks\Default Work Unit\BatMission</ObjectPath>
			<ShortName>BatMission</ShortName>
			<Path>BatMission.bnk</Path>
			<IncludedEvents>
				<Event Id="465026768" Name="Game_Play" ObjectPath="\Events\Default Work Unit\Game_Play"/>
			</IncludedEvents>
			<IncludedMemoryFiles>
				<File Id="130534517" Language="SFX">
					<ShortName>BatMissions_Audio - Instrument - Anticipation_Drums_Before_Battle_120BPM.wav</ShortName>
					<Path>SFX\BatMissions_Audio - Instrument - Anticipation_Drums_Before_Battle_120BPM_F17FB28C.wem</Path>
				</File>
				<File Id="180148959" Language="SFX">
					<ShortName>BatMissions_Audio - Instrument - Battle_Drums_Fast_2M_120BPM.wav</ShortName>
					<Path>SFX\BatMissions_Audio - Instrument - Battle_Drums_Fast_2M_120BPM_F17FB28C.wem</Path>
				</File>
				<File Id="278782555" Language="SFX">
					<ShortName>BatMissions_Audio - Instrument - Battle_Bass_4M_120BPM.wav</ShortName>
					<Path>SFX\BatMissions_Audio - Instrument - Battle_Bass_4M_120BPM_F17FB28C.wem</Path>
				</File>
				<File Id="360037708" Language="SFX">
					<ShortName>BatMissions_Audio - Instrument - AnticipationToBattle Bridge_120BPM.wav</ShortName>
					<Path>SFX\BatMissions_Audio - Instrument - AnticipationToBattle Bridge_120BPM_F17FB28C.wem</Path>
				</File>
				<File Id="513012610" Language="SFX">
					<ShortName>BatMissions_Audio - Instrument - Opening_Ambience_8M_120BPM.wav</ShortName>
					<Path>SFX\BatMissions_Audio - Instrument - Opening_Ambience_8M_120BPM_F17FB28C.wem</Path>
				</File>
				<File Id="644332639" Language="SFX">
					<ShortName>BatMissions_Audio - Instrument - Anticipation_Bass_4M_PRE_1M_120BPM.wav</ShortName>
					<Path>SFX\BatMissions_Audio - Instrument - Anticipation_Bass_4M_PRE_1M_120BPM_F17FB28C.wem</Path>
				</File>
				<File Id="852945270" Language="SFX">
					<ShortName>BatMissions_Audio - Instrument - Battle_Arpeggios_2M_120BPM.wav</ShortName>
					<Path>SFX\BatMissions_Audio - Instrument - Battle_Arpeggios_2M_120BPM_F17FB28C.wem</Path>
				</File>
				<File Id="948782341" Language="SFX">
					<ShortName>BatMissions_Audio - Instrument - Anticipation_Pad_Want_Home_4M_120BPM.wav</ShortName>
					<Path>SFX\BatMissions_Audio - Instrument - Anticipation_Pad_Want_Home_4M_120BPM_F17FB28C.wem</Path>
				</File>
				<File Id="1020569398" Language="SFX">
					<ShortName>BatMissions_Audio - Instrument - Opening_Hook_2M_120BPM.wav</ShortName>
					<Path>SFX\BatMissions_Audio - Instrument - Opening_Hook_2M_120BPM_F17FB28C.wem</Path>
				</File>
			</IncludedMemoryFiles>
		</SoundBank>
	</SoundBanks>
</SoundBanksInfo>
